,filename,mdtype
まどマギコラボ,MD_ADV_ES_0023_Data_ES_0023_01.snd,MD_ADV_DataRow
まどマギコラボ,MD_ADV_ES_0023_Data_ES_0023_02.snd,MD_ADV_DataRow
まどマギコラボ,MD_ADV_ES_0023_Data_ES_0023_03.snd,MD_ADV_DataRow
まどマギコラボ,MD_ADV_ES_0023_Data_ES_0023_04.snd,MD_ADV_DataRow
まどマギコラボ,MD_ADV_ES_0023_Data_ES_0023_05.snd,MD_ADV_DataRow
まどマギコラボ,MD_ADV_ES_0023_Title.snd,MD_ADV_Title
まどマギコラボ,MD_ADV_ES_0024_Data_ES_0024_01.snd,MD_ADV_DataRow
まどマギコラボ,MD_ADV_ES_0024_Data_ES_0024_02.snd,MD_ADV_DataRow
まどマギコラボ,MD_ADV_ES_0024_Data_ES_0024_03.snd,MD_ADV_DataRow
まどマギコラボ,MD_ADV_ES_0024_Data_ES_0024_04.snd,MD_ADV_DataRow
まどマギコラボ,MD_ADV_ES_0024_Data_ES_0024_05.snd,MD_ADV_DataRow
まどマギコラボ,MD_ADV_ES_0024_Title.snd,MD_ADV_Title
まどマギコラボ,MD_ADV_ES_0025_Data_ES_0025_01.snd,MD_ADV_DataRow
まどマギコラボ,MD_ADV_ES_0025_Data_ES_0025_02.snd,MD_ADV_DataRow
まどマギコラボ,MD_ADV_ES_0025_Data_ES_0025_03.snd,MD_ADV_DataRow
まどマギコラボ,MD_ADV_ES_0025_Data_ES_0025_04.snd,MD_ADV_DataRow
まどマギコラボ,MD_ADV_ES_0025_Data_ES_0025_05.snd,MD_ADV_DataRow
まどマギコラボ,MD_ADV_ES_0025_Title.snd,MD_ADV_Title
